gene,celltype,p_SMR,p_HEIDI,b_SMR,QTL,trait
IRF1,CD4_CTL_GZMH,6.604659e-05,0.09318934,0.244501,eQTL,AD
LIME1,CD4_Tcm_CXCR5,1.865456e-05,0.07724157,-0.431933,eQTL,AD
LIME1,CD4_Tcm_IFI44L,0.0001156206,0.09985766,-0.35346,eQTL,AD
IL18R1,CD4_Tem_CCR7neg,2.527305e-09,0.01517831,-0.271372,eQTL,AD
LIME1,CD4_Tfh-like_CXCR5,2.348832e-05,0.12811,-0.521686,eQTL,AD
KDELR2,CD4_Tfh-like_CXCR5,2.405314e-05,0.3060558,0.163618,eQTL,AD
IL18R1,CD4_Th17-like_RORC,9.60496e-13,0.01063543,-0.207071,eQTL,AD
IL18R1,CD4_Th_LMNA,2.423739e-09,0.1432022,-0.308299,eQTL,AD
LIME1,CD4_Th_LMNA,0.0001074417,0.5429087,-0.493634,eQTL,AD
AL121845.4,CD4_Tn_CCR7,4.737958e-06,0.02065743,0.233382,eQTL,AD
LIME1,CD4_Tn_CCR7,1.24016e-06,0.01345384,-0.320058,eQTL,AD
LIME1,CD4_Tn_LIMS1,0.0001252999,0.07427851,-0.348005,eQTL,AD
LIME1,CD4_Treg_FCRL3,9.06924e-06,0.2051608,-0.366527,eQTL,AD
KDELR2,CD4_Treg_FOXP3,6.983388e-05,0.1797046,0.234623,eQTL,AD
IL18R1,CD8_CTL_GZMK,1.391625e-07,0.0171887,-0.341787,eQTL,AD
LIME1,CD8_Tcm_IFI44L,1.236904e-05,0.1352024,-0.338055,eQTL,AD
KDELR2,CD8_Tem_CCR7neg,2.286176e-05,0.3717568,0.179708,eQTL,AD
LIME1,CD8_Tn_CCR7,3.743754e-06,0.1329884,-0.359682,eQTL,AD
KDELR2,Proliferative_T_MKI67,0.0001537707,0.6367729,0.246928,eQTL,AD
IL18R1,MAIT_SLC4A10,2.65836e-11,0.01034034,-0.292847,eQTL,AD
AC007278.2,MAIT_SLC4A10,4.20765e-06,0.163174,-0.673403,eQTL,AD
KDELR2,MAIT_SLC4A10,3.064257e-05,0.1708419,0.188744,eQTL,AD
KDELR2,NKT_NCR1,2.513402e-05,0.5274467,0.215208,eQTL,AD
KDELR2,DC2_CD1C,2.459903e-05,0.3120255,0.232897,eQTL,AD
HELZ2,cMono_CD14,2.721448e-05,0.1941274,0.320142,eQTL,AD
IRF1,cMono_IL1B,0.0001292814,0.09234791,0.31821,eQTL,AD
IL18RAP,gdT2_GZMK,3.651711e-06,0.1400054,-0.461515,eQTL,AD
KDELR2,gdT2_GZMK,0.0001459126,0.3433933,0.301312,eQTL,AD
KDELR2,gdT2_GZMH,1.978963e-05,0.1825532,0.252258,eQTL,AD
IL18R1,Mature_NK_dim_FCGR3A,1.869865e-09,0.291584,0.400657,eQTL,AD
KDELR2,Mature_NK_dim_FCGR3A,2.496031e-05,0.4146141,0.172182,eQTL,AD
TNFRSF6B,ncMono_FCGR3A,9.165637e-07,0.1857595,-0.302695,eQTL,AD
KDELR2,pDC_IRF4,3.954231e-05,0.348736,0.218531,eQTL,AD
IRF1,Terminal_NK_dim_CD160neg,6.995817e-05,0.01792068,0.286007,eQTL,AD
,Bn_TCL1A,1.340706e-08,0.343124,-0.329403,caQTL,AD
,CD4_Tfh-like_CXCR5,6.910395e-06,0.06045739,-0.410254,caQTL,AD
,CD4_Th1-like_GZMK,2.006293e-06,0.1312695,-0.700091,caQTL,AD
,CD4_Th1-like_GZMK,3.028711e-07,0.1101222,-0.324864,caQTL,AD
,CD4_Th17-like_RORC,9.124562e-09,0.108025,-0.353677,caQTL,AD
,CD4_Tn_CCR7,5.974754e-06,0.1491944,0.331555,caQTL,AD
,CD4_Tn_CCR7,4.242395e-08,0.02654806,-0.308911,caQTL,AD
,CD4_Treg_FOXP3,7.864343e-06,0.03353625,-0.347241,caQTL,AD
,CD8_CTL_GZMB,4.942414e-07,0.01575991,0.299533,caQTL,AD
,CD8_CTL_GZMB,1.304293e-10,0.05237489,-0.305835,caQTL,AD
,CD8_CTL_GZMB,7.001394e-06,0.495324,-0.696435,caQTL,AD
,CD8_CTL_GZMB,1.626486e-12,0.05632353,-0.178565,caQTL,AD
,CD8_CTL_GZMB,7.029292e-06,0.09157915,0.363618,caQTL,AD
,CD8_Tem_CCR7neg,2.434962e-10,0.2149502,-0.297231,caQTL,AD
,CD8_Tem_CCR7neg,6.202962e-12,0.1310543,-0.205486,caQTL,AD
,MAIT_SLC4A10,3.681178e-12,0.217745,-0.239004,caQTL,AD
,Mature_NK_dim_FCGR3A,2.408919e-06,0.1716358,0.675211,caQTL,AD
,Mature_NK_dim_FCGR3A,5.344376e-09,0.03539327,0.491021,caQTL,AD
,Mature_NK_dim_FCGR3A,4.543894e-08,0.2580911,-0.521264,caQTL,AD
,Mature_NK_dim_FCGR3A,3.849949e-12,0.1333564,-0.2095,caQTL,AD
,NKT_NCR1,4.256883e-06,0.06181927,0.416916,caQTL,AD
,NKT_NCR1,2.045277e-06,0.3254647,0.67891,caQTL,AD
,NKT_NCR1,1.812708e-07,0.1025189,-0.416565,caQTL,AD
,NKT_NCR1,3.104089e-12,0.07914759,-0.200146,caQTL,AD
,NKT_NCR1,2.754187e-06,0.3288302,0.290691,caQTL,AD
,Transitional_NK_GZMK,6.265934e-06,0.09472471,0.595176,caQTL,AD
,Transitional_NK_GZMK,2.251889e-07,0.2167315,-0.476547,caQTL,AD
,DC2_CD1C,1.813279e-07,0.1243222,0.245373,caQTL,AD
,DC2_CD1C,5.885803e-06,0.1807416,-0.130479,caQTL,AD
,DC2_CD1C,1.843989e-12,0.1792836,-0.170033,caQTL,AD
,DC2_CD1C,4.869327e-06,0.7012496,0.173016,caQTL,AD
,cMono_CD14,1.409762e-08,0.0258514,0.232027,caQTL,AD
,cMono_CD14,2.339271e-09,0.7415163,-0.426528,caQTL,AD
,cMono_CD14,6.070654e-13,0.1183308,-0.180942,caQTL,AD
,cMono_CD14,1.665671e-09,0.161919,-0.368923,caQTL,AD
,cMono_CD14,1.094132e-06,0.4557627,-0.554053,caQTL,AD
,cMono_CD14,4.387606e-10,0.1920145,-0.263231,caQTL,AD
,cMono_CD14,1.513335e-11,0.1150985,-0.217654,caQTL,AD
,cMono_CD14,4.059194e-13,0.120315,-0.154954,caQTL,AD
,cMono_CD14,4.564264e-09,0.705129,-0.291597,caQTL,AD
,cMono_CD14,1.743327e-08,0.1974642,-0.331455,caQTL,AD
,cMono_CD14,2.484164e-07,0.1190914,-0.41399,caQTL,AD
,cMono_CD14,1.951636e-06,0.4983831,0.161811,caQTL,AD
,cMono_CD14,8.386532e-07,0.475167,0.107057,caQTL,AD
,cMono_IFI44L,4.014616e-07,0.08962147,0.251882,caQTL,AD
,cMono_IFI44L,1.539358e-11,0.1328848,-0.191092,caQTL,AD
,cMono_IFI44L,2.222516e-06,0.396449,0.139413,caQTL,AD
,gdT2_IL12RB2,2.242176e-05,0.1368953,0.413802,caQTL,AD
,intMono_GFRA2,3.59449e-06,0.1521736,0.3036,caQTL,AD
,intMono_GFRA2,4.34705e-10,0.04177256,-0.213326,caQTL,AD
,intMono_GFRA2,3.459139e-06,0.7711545,0.15834,caQTL,AD
,ncMono_C1QA,3.983024e-10,0.05210173,-0.259002,caQTL,AD
,ncMono_FCGR3A,4.097685e-06,0.03748251,0.322159,caQTL,AD
,ncMono_FCGR3A,6.778384e-06,0.1673087,-0.141897,caQTL,AD
,ncMono_FCGR3A,1.125389e-11,0.2327282,-0.191639,caQTL,AD
,ncMono_FCGR3A,1.49084e-06,0.5528033,0.129847,caQTL,AD
,pDC_IRF4,4.577182e-06,0.04574777,0.292345,caQTL,AD
,pDC_IRF4,3.911222e-06,0.1747133,-0.10309,caQTL,AD
,pDC_IRF4,6.839053e-06,0.05473719,-0.239136,caQTL,AD
RPS26,Atypical_Bm_ITGAX,1.658661e-10,0.03615935,0.0826709,eQTL,As
RPS26,Bn_IFIT3,3.308356e-10,0.02732061,0.0885747,eQTL,As
IL4R,Bn_IFIT3,1.999608e-05,0.179938,-0.173655,eQTL,As
ORMDL3,Bn_IFIT3,3.170675e-05,0.02598674,0.130983,eQTL,As
RPS26,Bn_TCL1A,1.348073e-10,0.0260474,0.0842184,eQTL,As
IL4R,Bn_TCL1A,1.091623e-06,0.04213855,-0.171975,eQTL,As
AHI1,Bn_TCL1A,1.553209e-05,0.7448834,-0.0732088,eQTL,As
RPS26,Bn_IL6,2.156156e-10,0.01219673,0.0873043,eQTL,As
IL4R,Bn_IL6,2.458737e-05,0.08139404,-0.207093,eQTL,As
RPS26,CD4_CTL_GZMH,1.496568e-10,0.07724098,0.0853948,eQTL,As
GSDMB,CD4_CTL_GZMH,2.006137e-06,0.1227977,0.17095,eQTL,As
RPS26,CD4_Tcm_CXCR5,1.27155e-10,0.02561994,0.083345,eQTL,As
NSMCE1,CD4_Tcm_CXCR5,2.500619e-05,0.4623351,0.253794,eQTL,As
IL18R1,CD4_Tcm_CXCR5,1.416541e-05,0.04095333,0.155573,eQTL,As
CD28,CD4_Tcm_CXCR5,4.420993e-05,0.02461624,0.259399,eQTL,As
AHI1,CD4_Tcm_CXCR5,2.768532e-05,0.4752441,-0.094695,eQTL,As
RPS26,CD4_Tcm_IFI44L,1.733817e-10,0.04520431,0.0845556,eQTL,As
GSDMB,CD4_Tcm_IFI44L,3.579475e-05,0.03927586,0.151314,eQTL,As
ORMDL3,CD4_Tcm_IFI44L,1.089491e-05,0.1255062,0.122741,eQTL,As
RPS26,CD4_Tem_CCR7neg,1.251091e-10,0.03650014,0.0826623,eQTL,As
NSMCE1,CD4_Tem_CCR7neg,2.725963e-05,0.4818614,0.315368,eQTL,As
ADCY3,CD4_Tem_CCR7neg,4.234732e-05,0.3345989,-0.16748,eQTL,As
RPS26,CD4_Tfh-like_CXCR5,1.30117e-10,0.04211199,0.0839398,eQTL,As
NSMCE1,CD4_Tfh-like_CXCR5,6.128552e-07,0.3153111,0.1899,eQTL,As
GSDMB,CD4_Tfh-like_CXCR5,5.289011e-08,0.0104237,0.127945,eQTL,As
ADCY3,CD4_Tfh-like_CXCR5,1.917795e-05,0.2215446,-0.143674,eQTL,As
CD28,CD4_Tfh-like_CXCR5,2.677533e-05,0.02894633,0.312945,eQTL,As
AHI1,CD4_Tfh-like_CXCR5,2.034847e-05,0.5977886,-0.0836125,eQTL,As
RPS26,CD4_Th1-like_GZMK,1.304148e-10,0.05283284,0.082395,eQTL,As
NSMCE1,CD4_Th1-like_GZMK,1.112481e-05,0.3531234,0.24975,eQTL,As
GSDMB,CD4_Th1-like_GZMK,1.254281e-07,0.01268281,0.14829,eQTL,As
IL18RAP,CD4_Th1-like_GZMK,7.602002e-06,0.01397115,0.190142,eQTL,As
AHI1,CD4_Th1-like_GZMK,2.653056e-05,0.8340192,-0.0923148,eQTL,As
GADD45G,CD4_Th1-like_GZMK,1.270513e-05,0.2420902,0.21443,eQTL,As
RPS26,CD4_Th17-like_RORC,1.345594e-10,0.02835025,0.0829122,eQTL,As
NSMCE1,CD4_Th17-like_RORC,8.231306e-06,0.7403016,0.202252,eQTL,As
GSDMB,CD4_Th17-like_RORC,2.427658e-07,0.01895503,0.172453,eQTL,As
AHI1,CD4_Th17-like_RORC,2.773357e-05,0.7528655,-0.0904668,eQTL,As
GADD45G,CD4_Th17-like_RORC,9.528507e-06,0.3967239,0.257172,eQTL,As
RPS26,CD4_Th22-like_CCR10,1.577203e-10,0.05173275,0.0843336,eQTL,As
IL4R,CD4_Th22-like_CCR10,6.026193e-06,0.08704413,-0.27465,eQTL,As
ORMDL3,CD4_Th22-like_CCR10,1.08544e-05,0.01377757,0.117779,eQTL,As
RPS26,CD4_Th_CCR4,1.853397e-10,0.03743271,0.086273,eQTL,As
RPS26,CD4_Th_CR1,1.008081e-08,0.03980898,0.0979459,eQTL,As
RPS26,CD4_Th_LMNA,1.402993e-10,0.02926703,0.0859503,eQTL,As
IL4R,CD4_Th_LMNA,7.26366e-06,0.07656464,-0.299003,eQTL,As
RPS26,CD4_Th_TNFRSF11A,1.394693e-10,0.03678931,0.0820686,eQTL,As
IL4R,CD4_Th_TNFRSF11A,2.57741e-06,0.501236,-0.294392,eQTL,As
GSDMB,CD4_Th_TNFRSF11A,4.036511e-05,0.03076651,0.157576,eQTL,As
AHI1,CD4_Th_TNFRSF11A,6.848686e-05,0.07830009,-0.126485,eQTL,As
SUOX,CD4_Tn_CCR7,3.557449e-06,0.1311868,-0.261496,eQTL,As
RPS26,CD4_Tn_CCR7,1.264864e-10,0.04030253,0.0833582,eQTL,As
NSMCE1,CD4_Tn_CCR7,2.648833e-07,0.2443278,0.220004,eQTL,As
IKZF3,CD4_Tn_CCR7,8.29499e-06,0.03535323,-0.411851,eQTL,As
ADCY3,CD4_Tn_CCR7,2.931139e-06,0.3667444,-0.0917237,eQTL,As
IL18R1,CD4_Tn_CCR7,2.817344e-07,0.05755798,0.163985,eQTL,As
GADD45G,CD4_Tn_CCR7,1.978636e-06,0.02439151,0.16501,eQTL,As
RPS26,CD4_Tn_CXCR5,1.725058e-10,0.01322601,0.0839292,eQTL,As
GSDMB,CD4_Tn_CXCR5,9.44148e-07,0.02376188,0.158728,eQTL,As
ORMDL3,CD4_Tn_CXCR5,1.037209e-07,0.01330348,0.122717,eQTL,As
RPS26,CD4_Tn_LIMS1,1.964895e-10,0.03439935,0.0862594,eQTL,As
ORMDL3,CD4_Tn_LIMS1,1.101249e-05,0.04522606,0.107073,eQTL,As
RPS26,CD4_Tn_SOX4,1.94545e-10,0.03107865,0.0830653,eQTL,As
RPS26,CD4_Tr1_IL10,2.376838e-10,0.02108067,0.084762,eQTL,As
ORMDL3,CD4_Tr1_IL10,1.889582e-06,0.02735332,0.14729,eQTL,As
RPS26,CD4_Treg_FCRL3,1.522427e-10,0.0650535,0.0834551,eQTL,As
GSDMB,CD4_Treg_FCRL3,4.067628e-05,0.1228504,0.152311,eQTL,As
IL18R1,CD4_Treg_FCRL3,1.388355e-05,0.09993739,0.213558,eQTL,As
AHI1,CD4_Treg_FCRL3,8.017713e-05,0.6019778,-0.137232,eQTL,As
IKZF4,CD4_Treg_FOXP3,2.796862e-05,0.1214158,-0.29403,eQTL,As
RPS26,CD4_Treg_FOXP3,1.384297e-10,0.04709908,0.0830602,eQTL,As
IL18R1,CD4_Treg_FOXP3,1.952537e-05,0.03783213,0.169328,eQTL,As
RPS26,CD8_CTL_GZMB,1.245426e-10,0.03858522,0.0832222,eQTL,As
IKZF3,CD8_CTL_GZMB,3.633792e-06,0.09984694,-0.358487,eQTL,As
IL18R1,CD8_CTL_GZMB,2.531161e-05,0.1211962,0.233909,eQTL,As
AHI1,CD8_CTL_GZMB,1.943903e-05,0.4389873,-0.100668,eQTL,As
RPS26,CD8_CTL_GZMK,1.428548e-10,0.03350916,0.085539,eQTL,As
GSDMB,CD8_CTL_GZMK,2.172917e-06,0.06400958,0.192903,eQTL,As
RPS26,CD8_CTL_IFI44L,1.298621e-09,0.04681804,0.0835441,eQTL,As
RPS26,CD8_Tcm_IFI44L,1.597055e-10,0.04519385,0.0833691,eQTL,As
GSDMB,CD8_Tcm_IFI44L,1.246032e-06,0.04938059,0.184353,eQTL,As
ORMDL3,CD8_Tcm_IFI44L,4.698225e-06,0.0211704,0.100037,eQTL,As
RPS26,CD8_Tem_CCR7neg,1.325619e-10,0.02027404,0.0837864,eQTL,As
NSMCE1,CD8_Tem_CCR7neg,9.174331e-06,0.3849837,0.266117,eQTL,As
IL18R1,CD8_Tem_CCR7neg,8.720805e-07,0.01976049,0.169056,eQTL,As
AHI1,CD8_Tem_CCR7neg,2.286837e-05,0.3256801,-0.0882795,eQTL,As
GADD45G,CD8_Tem_CCR7neg,3.619582e-06,0.03908875,0.153837,eQTL,As
RPS26,CD8_Tn_CCR7,1.268267e-10,0.03622092,0.0822856,eQTL,As
ERBB3,CD8_Tn_CCR7,2.531889e-06,0.01034867,-0.206743,eQTL,As
GADD45G,CD8_Tn_CCR7,3.152595e-06,0.020519,0.143245,eQTL,As
RPS26,CD8_Tn_SOX4,8.440611e-10,0.09568606,0.0893765,eQTL,As
RPS26,Proliferative_NK_MKI67,1.80859e-09,0.03603246,0.091981,eQTL,As
RPS26,Proliferative_T_MKI67,2.08561e-10,0.03183497,0.0924777,eQTL,As
ORMDL3,Proliferative_T_MKI67,1.88563e-07,0.03849787,0.137107,eQTL,As
RPS26,HSPC_CD34,2.067585e-09,0.0168613,0.0835073,eQTL,As
RPS26,ILC2_IL2RA,9.812768e-09,0.5496616,0.0851999,eQTL,As
RPS26,MAIT_SLC4A10,1.249235e-10,0.06533877,0.0813395,eQTL,As
NSMCE1,MAIT_SLC4A10,9.264253e-06,0.3328459,0.278751,eQTL,As
GSDMB,MAIT_SLC4A10,1.141622e-07,0.02713117,0.145154,eQTL,As
ORMDL3,MAIT_SLC4A10,2.512037e-06,0.01714599,0.0752521,eQTL,As
GADD45G,MAIT_SLC4A10,1.379819e-06,0.0534148,0.171534,eQTL,As
RPS26,NKT_NCR1,1.393157e-10,0.04472049,0.0855126,eQTL,As
GSDMB,NKT_NCR1,3.395421e-06,0.02481236,0.103384,eQTL,As
RPS26,NKT_IFNG,2.702456e-09,0.3760962,0.088669,eQTL,As
RPS26,NK_bright_XCL1,1.745377e-10,0.04565198,0.0885562,eQTL,As
ORMDL3,NK_bright_XCL1,0.0001258516,0.05363981,0.173875,eQTL,As
RPS26,Plasma_IGHA1,4.126121e-10,0.02024024,0.0897523,eQTL,As
RPS26,Plasma_IGHG1,9.86061e-09,0.02592731,0.0925099,eQTL,As
RPS26,Switched_Bm_IGHE,1.638318e-10,0.1597419,0.0844435,eQTL,As
GSDMB,Switched_Bm_IGHE,2.39175e-06,0.046911,0.159736,eQTL,As
RPS26,Switched_activated_Bm_CD86,1.545465e-10,0.03435956,0.0852373,eQTL,As
ORMDL3,Switched_activated_Bm_CD86,1.811103e-08,0.01555021,0.101554,eQTL,As
RPS26,Switched_Bm_IGHDneg,1.470819e-10,0.0385237,0.0833056,eQTL,As
GSDMB,Switched_Bm_IGHDneg,5.880847e-07,0.02992969,0.16561,eQTL,As
AHI1,Switched_Bm_IGHDneg,4.451164e-05,0.7941952,-0.115626,eQTL,As
RPS26,Transitional_B_MME,1.453546e-10,0.0363748,0.0857551,eQTL,As
IL4R,Transitional_B_MME,5.144734e-07,0.124584,-0.172409,eQTL,As
RPS26,Unswitched_Bm_CD1C,1.521626e-10,0.02883368,0.0843792,eQTL,As
GSDMB,Unswitched_Bm_CD1C,2.466916e-07,0.04120378,0.141102,eQTL,As
ORMDL3,Unswitched_Bm_CD1C,2.620115e-08,0.01682848,0.102607,eQTL,As
AHI1,Unswitched_Bm_CD1C,3.756729e-05,0.7143681,-0.102498,eQTL,As
RPS26,Unswitched_Bm_IL6,1.265941e-09,0.0174653,0.0890002,eQTL,As
RPS26,DC1_CLEC9A,9.368171e-09,0.02296952,0.0856313,eQTL,As
RPS26,DC2_CD1C,1.971714e-10,0.2261,0.0862945,eQTL,As
ORMDL3,DC2_CD1C,1.730908e-05,0.09037892,0.269994,eQTL,As
IL18R1,DC2_CD1C,1.350718e-05,0.03396265,0.186106,eQTL,As
AHI1,DC2_CD1C,7.145767e-05,0.3771746,-0.136492,eQTL,As
RPS26,cMono_CD14,1.23471e-10,0.02895418,0.08503,eQTL,As
NSMCE1,cMono_CD14,4.547584e-07,0.1061261,0.189384,eQTL,As
GSDMB,cMono_CD14,2.91923e-07,0.01097796,0.2273,eQTL,As
RPS26,cMono_CXCL10,2.339293e-09,0.02866576,0.0852066,eQTL,As
RPS26,cMono_IFI44L,2.073915e-10,0.01545422,0.0878407,eQTL,As
ORMDL3,cMono_IFI44L,3.548044e-05,0.1343998,0.263712,eQTL,As
RPS26,cMono_IL1B,1.991449e-10,0.1596238,0.0886105,eQTL,As
RPS26,gdT1_TRDV1,2.454082e-10,0.02231743,0.0851367,eQTL,As
RPS26,gdT2_GZMK,1.731476e-10,0.06155546,0.0860375,eQTL,As
RPS26,gdT2_IL12RB2,1.349229e-10,0.0300707,0.08399,eQTL,As
GSDMB,gdT2_IL12RB2,2.965717e-07,0.01225223,0.17162,eQTL,As
ORMDL3,gdT2_IL12RB2,1.282324e-06,0.01516774,0.0737111,eQTL,As
IL18R1,gdT2_IL12RB2,2.830666e-06,0.01119251,0.186343,eQTL,As
IL18RAP,gdT2_IL12RB2,1.848711e-06,0.01789337,0.184363,eQTL,As
RPS26,gdT2_GZMH,1.601233e-10,0.04890765,0.0856425,eQTL,As
GSDMB,gdT2_GZMH,2.442221e-05,0.01577539,0.155119,eQTL,As
ORMDL3,gdT2_GZMH,1.904212e-06,0.0108639,0.0866898,eQTL,As
RPS26,Mature_NK_dim_FCGR3A,1.422785e-10,0.03648252,0.0857315,eQTL,As
IKZF3,Mature_NK_dim_FCGR3A,5.485512e-07,0.07691559,-0.237677,eQTL,As
GSDMB,Mature_NK_dim_FCGR3A,3.298499e-06,0.02275835,0.111963,eQTL,As
ORMDL3,Mature_NK_dim_FCGR3A,1.081207e-06,0.01626088,0.0737638,eQTL,As
LINC00299,Mature_NK_dim_FCGR3A,1.698576e-05,0.02529553,0.177918,eQTL,As
GADD45G,Mature_NK_dim_FCGR3A,6.473997e-06,0.03098278,0.143273,eQTL,As
RPS26,ncMono_C1QA,1.474053e-10,0.03109511,0.0853706,eQTL,As
ORMDL3,ncMono_C1QA,1.524919e-06,0.1687381,0.218603,eQTL,As
RPS26,ncMono_FCGR3A,1.200987e-10,0.01973801,0.0854528,eQTL,As
GSDMB,ncMono_FCGR3A,2.919404e-05,0.01267815,0.180603,eQTL,As
ORMDL3,ncMono_FCGR3A,5.933363e-07,0.1767517,0.231874,eQTL,As
RPS26,ncMono_IFIT1,5.722925e-10,0.06338522,0.0862543,eQTL,As
RPS26,pDC_IRF4,1.370592e-10,0.05349484,0.0833143,eQTL,As
ORMDL3,pDC_IRF4,1.600882e-05,0.01223102,-0.134299,eQTL,As
RPS26,pre-Switched_Bm_JAM3,1.577397e-10,0.0581437,0.0841955,eQTL,As
AHI1,pre-Switched_Bm_JAM3,3.978482e-05,0.6718846,-0.104465,eQTL,As
RPS26,Terminal_NK_dim_CD160neg,1.580952e-10,0.03405431,0.0872053,eQTL,As
GSDMB,Terminal_NK_dim_CD160neg,3.587666e-06,0.02224527,0.220763,eQTL,As
AHI1,Terminal_NK_dim_CD160neg,6.160004e-05,0.6648235,-0.13517,eQTL,As
RPS26,Transitional_NK_GZMK,1.803578e-10,0.01885152,0.0855095,eQTL,As
GSDMB,Transitional_NK_GZMK,3.021188e-05,0.03607796,0.156665,eQTL,As
