variant_id,p_value,chromosome,base_pair_location,effect_allele,other_allele,beta,standard_error,effect_allele_frequency,n_snps_in_locus,locus_start,locus_end,locus_id,has_eqtl,has_caqtl
rs558269137,2.558e-44,1,152312600,CACTG,C,-0.7027,0.0503,0.9927,377,150364127,154455807,AD_locus_1,True,True
rs34455012,1.563e-22,11,76588800,CCCAGTAT,C,-0.1389,0.0142,0.6073,88,76293269,76659143,AD_locus_2,True,True
rs1861246,1.515e-20,2,102350323,T,C,0.1134,0.0122,0.2168,358,102274510,102638192,AD_locus_3,True,True
rs847,3.75e-17,5,132660977,T,C,0.0933,0.0111,0.2608,255,131726714,132802437,AD_locus_4,True,True
rs3848669,2.841e-15,20,63669458,T,G,0.1009,0.0128,0.7789,218,63574145,63857282,AD_locus_5,True,True
rs35073649,2.04e-14,17,49345148,T,C,0.0785,0.0103,0.3929,90,49182768,49384071,AD_locus_6,True,True
rs28383323,1.098e-13,6,32626262,A,G,-0.1188,0.016,0.2383,146,31158022,32807719,AD_locus_7,False,False
rs11033603,1.328e-12,11,36412992,A,G,0.1645,0.0232,0.0419,63,36394628,36416318,AD_locus_8,True,True
rs35358447,1.68e-12,19,8681318,A,AG,0.0961,0.0136,0.1685,25,8675909,8704019,AD_locus_9,True,True
rs479844,2.413e-12,11,65784486,A,G,-0.0719,0.0103,0.4275,31,65700482,65794786,AD_locus_10,True,True
rs3862469,3.591e-12,16,11100223,T,C,-0.0759,0.0109,0.3132,62,10944967,11183501,AD_locus_11,True,True
rs3947727,1.086e-11,12,68258319,T,C,0.0714,0.0105,0.5991,30,68244448,68273306,AD_locus_12,True,True
rs11786685,1.987e-11,8,80363600,A,G,0.0721,0.0108,0.3393,97,80334424,80392261,AD_locus_13,True,True
rs7666843,6.156e-11,4,122111486,T,C,-0.1188,0.0182,0.0943,47,122111486,122535302,AD_locus_14,True,True
rs12586305,7.922e-11,14,35185261,T,G,-0.091,0.014,0.8411,40,35054281,35331013,AD_locus_15,True,True
rs17371133,2.067e-10,1,172859340,A,C,-0.0651,0.0102,0.517,70,172834818,173203019,AD_locus_16,True,True
rs183884396,2.279e-10,12,54963054,A,G,0.6212,0.098,0.0023,5,54713945,56114625,AD_locus_17,True,True
rs188720898,1.49e-09,18,63945923,A,T,-0.4914,0.0813,0.9974,4,63804628,63986401,AD_locus_18,True,True
rs2075943,2.088e-09,22,36922967,A,G,0.0648,0.0108,0.5761,59,36886051,36923905,AD_locus_19,True,True
rs188069315,4.756e-09,1,143595936,A,G,0.8587,0.1466,0.0015,1,143595936,143595936,AD_locus_20,True,True
rs6996614,1.549e-08,8,125597624,A,C,0.0805,0.0142,0.449,1,125597624,125597624,AD_locus_21,True,True
rs1361355315,3.532e-08,18,29549105,T,C,0.4311,0.0782,0.0036,1,29549105,29549105,AD_locus_22,False,True
rs150979174,3.602e-08,3,144401986,A,G,-0.5054,0.0917,0.9966,1,144401986,144401986,AD_locus_23,True,True
rs1035121917,4.243e-08,1,147506275,A,C,0.6612,0.1206,0.0017,1,147506275,147506275,AD_locus_24,True,True
rs533495047,4.478e-08,11,128293267,A,AG,0.0907,0.0166,0.8089,1,128293267,128293267,AD_locus_25,True,True
