peak,n_celltypes_accessible,category
chr1:151898585-151899086,58,broad (>10 CTs)
chr1:150876015-150876516,61,broad (>10 CTs)
chr1:152392768-152393269,31,broad (>10 CTs)
chr1:151820944-151821445,29,broad (>10 CTs)
chr1:151898081-151898582,41,broad (>10 CTs)
chr1:151568713-151569214,34,broad (>10 CTs)
chr1:151904945-151905446,24,broad (>10 CTs)
chr1:152460116-152460617,61,broad (>10 CTs)
chr1:151837191-151837692,24,broad (>10 CTs)
chr1:151830625-151831126,59,broad (>10 CTs)
chr1:151006658-151007159,20,broad (>10 CTs)
chr1:152479954-152480455,50,broad (>10 CTs)
chr1:151995737-151996238,4,moderate (4-10 CTs)
chr1:151867710-151868211,10,moderate (4-10 CTs)
chr1:151944428-151944929,14,broad (>10 CTs)
chr1:152519833-152520334,19,broad (>10 CTs)
chr1:151857303-151857804,6,moderate (4-10 CTs)
chr1:151969279-151969780,8,moderate (4-10 CTs)
chr1:152000899-152001400,14,broad (>10 CTs)
chr1:152458324-152458825,51,broad (>10 CTs)
chr1:152461498-152461999,50,broad (>10 CTs)
chr1:152520374-152520875,8,moderate (4-10 CTs)
chr1:152533255-152533756,6,moderate (4-10 CTs)
chr1:152660971-152661472,7,moderate (4-10 CTs)
chr1:151836400-151836901,59,broad (>10 CTs)
chr1:173122890-173123391,47,broad (>10 CTs)
chr1:172662706-172663207,63,broad (>10 CTs)
chr1:172639043-172639544,57,broad (>10 CTs)
chr1:172643411-172643912,47,broad (>10 CTs)
chr1:172358279-172358780,49,broad (>10 CTs)
chr1:172532726-172533227,64,broad (>10 CTs)
chr1:172533235-172533736,60,broad (>10 CTs)
chr1:172596688-172597189,15,broad (>10 CTs)
chr1:172764339-172764840,32,broad (>10 CTs)
chr1:172670701-172671202,55,broad (>10 CTs)
chr1:172394001-172394502,57,broad (>10 CTs)
chr1:172698154-172698655,25,broad (>10 CTs)
chr1:173050774-173051275,14,broad (>10 CTs)
chr1:173201909-173202410,20,broad (>10 CTs)
chr1:172393358-172393859,17,broad (>10 CTs)
chr1:172588634-172589135,14,broad (>10 CTs)
chr1:172616550-172617051,8,moderate (4-10 CTs)
chr1:172625210-172625711,8,moderate (4-10 CTs)
chr1:172629959-172630460,11,broad (>10 CTs)
chr1:172697406-172697907,59,broad (>10 CTs)
chr1:172699124-172699625,60,broad (>10 CTs)
chr1:172717614-172718115,11,broad (>10 CTs)
chr1:172758204-172758705,10,moderate (4-10 CTs)
chr1:172766456-172766957,23,broad (>10 CTs)
chr1:173048595-173049096,18,broad (>10 CTs)
chr1:173049199-173049700,10,moderate (4-10 CTs)
chr1:173255221-173255722,9,moderate (4-10 CTs)
chr1:144546221-144546722,62,broad (>10 CTs)
chr1:144532009-144532510,42,broad (>10 CTs)
chr1:143884872-143885373,56,broad (>10 CTs)
chr1:143699097-143699598,27,broad (>10 CTs)
chr1:143729319-143729820,60,broad (>10 CTs)
chr1:143803857-143804358,43,broad (>10 CTs)
chr1:143867576-143868077,8,moderate (4-10 CTs)
chr1:147084759-147085260,62,broad (>10 CTs)
chr1:148038435-148038936,62,broad (>10 CTs)
chr1:147072970-147073471,47,broad (>10 CTs)
chr1:147084229-147084730,62,broad (>10 CTs)
chr1:147172414-147172915,62,broad (>10 CTs)
chr1:147541071-147541572,59,broad (>10 CTs)
chr1:147928106-147928607,62,broad (>10 CTs)
chr1:148371407-148371908,61,broad (>10 CTs)
chr1:147242342-147242843,62,broad (>10 CTs)
chr1:146376326-146376827,62,broad (>10 CTs)
chr1:147247244-147247745,5,moderate (4-10 CTs)
chr1:147217064-147217565,7,moderate (4-10 CTs)
chr1:147218562-147219063,7,moderate (4-10 CTs)
chr1:147625558-147626059,11,broad (>10 CTs)
chr11:76629451-76629952,58,broad (>10 CTs)
chr11:76235173-76235674,63,broad (>10 CTs)
chr11:76236116-76236617,28,broad (>10 CTs)
chr11:76630146-76630647,32,broad (>10 CTs)
chr11:76672543-76673044,52,broad (>10 CTs)
chr11:76860562-76861063,61,broad (>10 CTs)
chr11:77066582-77067083,62,broad (>10 CTs)
chr11:77819323-77819824,59,broad (>10 CTs)
chr11:76803798-76804299,20,broad (>10 CTs)
chr11:76919851-76920352,46,broad (>10 CTs)
chr11:77045937-77046438,13,broad (>10 CTs)
chr11:75815612-75816113,1,specific (1-3 CTs)
chr11:76153269-76153770,32,broad (>10 CTs)
chr11:75768495-75768996,61,broad (>10 CTs)
chr11:76161247-76161748,20,broad (>10 CTs)
chr11:76200033-76200534,17,broad (>10 CTs)
chr11:77072957-77073458,21,broad (>10 CTs)
chr11:76233939-76234440,8,moderate (4-10 CTs)
chr11:76251509-76252010,11,broad (>10 CTs)
chr11:76335803-76336304,41,broad (>10 CTs)
chr11:76339244-76339745,21,broad (>10 CTs)
chr11:76445594-76446095,12,broad (>10 CTs)
chr11:76637388-76637889,27,broad (>10 CTs)
chr11:76856046-76856547,7,moderate (4-10 CTs)
chr11:77411743-77412244,62,broad (>10 CTs)
chr11:77473324-77473825,55,broad (>10 CTs)
chr11:76208651-76209152,57,broad (>10 CTs)
chr11:76209306-76209807,29,broad (>10 CTs)
chr11:76209980-76210481,1,specific (1-3 CTs)
chr11:76210546-76211047,25,broad (>10 CTs)
chr11:76223909-76224410,10,moderate (4-10 CTs)
chr11:76226601-76227102,8,moderate (4-10 CTs)
chr11:76227840-76228341,9,moderate (4-10 CTs)
chr11:76250914-76251415,11,broad (>10 CTs)
chr11:76266275-76266776,7,moderate (4-10 CTs)
chr11:76313218-76313719,7,moderate (4-10 CTs)
chr11:76336549-76337050,1,specific (1-3 CTs)
chr11:76588416-76588917,41,broad (>10 CTs)
chr11:76626808-76627309,58,broad (>10 CTs)
chr11:76627458-76627959,7,moderate (4-10 CTs)
chr11:76670930-76671431,49,broad (>10 CTs)
chr11:76682607-76683108,8,moderate (4-10 CTs)
chr11:76683119-76683620,9,moderate (4-10 CTs)
chr11:76685759-76686260,17,broad (>10 CTs)
chr11:76686429-76686930,25,broad (>10 CTs)
chr11:76690682-76691183,10,moderate (4-10 CTs)
chr11:76733799-76734300,44,broad (>10 CTs)
chr11:76823659-76824160,13,broad (>10 CTs)
chr11:76863145-76863646,14,broad (>10 CTs)
chr11:77065780-77066281,6,moderate (4-10 CTs)
chr11:77071932-77072433,16,broad (>10 CTs)
chr11:77047523-77048024,62,broad (>10 CTs)
chr11:76444523-76445024,63,broad (>10 CTs)
chr11:76857688-76858189,12,broad (>10 CTs)
chr11:36352861-36353362,56,broad (>10 CTs)
chr11:35145187-35145688,30,broad (>10 CTs)
chr11:36385087-36385588,34,broad (>10 CTs)
chr11:36408462-36408963,16,broad (>10 CTs)
chr11:36409087-36409588,38,broad (>10 CTs)
chr11:36426436-36426937,23,broad (>10 CTs)
chr11:36394024-36394525,28,broad (>10 CTs)
chr11:36354339-36354840,9,moderate (4-10 CTs)
chr11:36431735-36432236,28,broad (>10 CTs)
chr11:35927670-35928171,11,broad (>10 CTs)
chr11:36258716-36259217,8,moderate (4-10 CTs)
chr11:36297236-36297737,10,moderate (4-10 CTs)
chr11:36304317-36304818,7,moderate (4-10 CTs)
chr11:36306771-36307272,33,broad (>10 CTs)
chr11:36361951-36362452,27,broad (>10 CTs)
chr11:36373571-36374072,8,moderate (4-10 CTs)
chr11:36388045-36388546,1,specific (1-3 CTs)
chr11:36391043-36391544,36,broad (>10 CTs)
chr11:36392143-36392644,27,broad (>10 CTs)
chr11:36400643-36401144,29,broad (>10 CTs)
chr11:36443603-36444104,8,moderate (4-10 CTs)
chr11:36453682-36454183,9,moderate (4-10 CTs)
chr11:36500389-36500890,12,broad (>10 CTs)
chr11:36774576-36775077,2,specific (1-3 CTs)
chr11:65638683-65639184,47,broad (>10 CTs)
chr11:65873449-65873950,63,broad (>10 CTs)
chr11:66001982-66002483,62,broad (>10 CTs)
chr11:65477378-65477879,62,broad (>10 CTs)
chr11:65553269-65553770,60,broad (>10 CTs)
chr11:65575602-65576103,62,broad (>10 CTs)
chr11:65857048-65857549,58,broad (>10 CTs)
chr11:65961920-65962421,54,broad (>10 CTs)
chr11:66002510-66003011,62,broad (>10 CTs)
chr11:66268243-66268744,63,broad (>10 CTs)
chr11:65574680-65575181,42,broad (>10 CTs)
chr11:66051991-66052492,64,broad (>10 CTs)
chr11:64744464-64744965,38,broad (>10 CTs)
chr11:65988906-65989407,62,broad (>10 CTs)
chr11:65421163-65421664,62,broad (>10 CTs)
chr11:66045058-66045559,62,broad (>10 CTs)
chr11:66466551-66467052,63,broad (>10 CTs)
chr11:65540496-65540997,62,broad (>10 CTs)
chr11:65418659-65419160,58,broad (>10 CTs)
chr11:65496534-65497035,1,specific (1-3 CTs)
chr11:65508159-65508660,49,broad (>10 CTs)
chr11:65558616-65559117,58,broad (>10 CTs)
chr11:65637782-65638283,45,broad (>10 CTs)
chr11:65809966-65810467,43,broad (>10 CTs)
chr11:65858055-65858556,63,broad (>10 CTs)
chr11:65859313-65859814,62,broad (>10 CTs)
chr11:65919693-65920194,48,broad (>10 CTs)
chr11:65927995-65928496,62,broad (>10 CTs)
chr11:65956886-65957387,19,broad (>10 CTs)
chr11:66117706-66118207,30,broad (>10 CTs)
chr11:66126670-66127171,57,broad (>10 CTs)
chr11:66127220-66127721,39,broad (>10 CTs)
chr11:65662862-65663363,63,broad (>10 CTs)
chr11:65879548-65880049,51,broad (>10 CTs)
chr11:65880909-65881410,19,broad (>10 CTs)
chr11:65902017-65902518,12,broad (>10 CTs)
chr11:66438836-66439337,63,broad (>10 CTs)
chr11:65663628-65664129,40,broad (>10 CTs)
chr11:65471982-65472483,63,broad (>10 CTs)
chr11:65121974-65122475,63,broad (>10 CTs)
chr11:65453104-65453605,11,broad (>10 CTs)
chr11:65570127-65570628,63,broad (>10 CTs)
chr11:65791587-65792088,59,broad (>10 CTs)
chr11:65814100-65814601,11,broad (>10 CTs)
chr11:65961400-65961901,62,broad (>10 CTs)
chr11:65307477-65307978,4,moderate (4-10 CTs)
chr11:65311208-65311709,6,moderate (4-10 CTs)
chr11:65352701-65353202,3,specific (1-3 CTs)
chr11:65491779-65492280,13,broad (>10 CTs)
chr11:65492831-65493332,9,moderate (4-10 CTs)
chr11:65726505-65727006,6,moderate (4-10 CTs)
chr11:65744365-65744866,13,broad (>10 CTs)
chr11:65767740-65768241,8,moderate (4-10 CTs)
chr11:65769719-65770220,51,broad (>10 CTs)
chr11:65775611-65776112,11,broad (>10 CTs)
chr11:65786290-65786791,44,broad (>10 CTs)
chr11:65821142-65821643,4,moderate (4-10 CTs)
chr11:65833644-65834145,62,broad (>10 CTs)
chr11:65900262-65900763,63,broad (>10 CTs)
chr11:65986342-65986843,5,moderate (4-10 CTs)
chr11:66068147-66068648,45,broad (>10 CTs)
chr11:66100700-66101201,60,broad (>10 CTs)
chr11:66113397-66113898,27,broad (>10 CTs)
chr11:66209175-66209676,11,broad (>10 CTs)
chr11:66543744-66544245,57,broad (>10 CTs)
chr11:66624794-66625295,32,broad (>10 CTs)
chr11:65040771-65041272,62,broad (>10 CTs)
chr11:65316353-65316854,10,moderate (4-10 CTs)
chr11:65890299-65890800,62,broad (>10 CTs)
chr11:65354416-65354917,62,broad (>10 CTs)
chr11:65915606-65916107,5,moderate (4-10 CTs)
chr11:66275280-66275781,2,specific (1-3 CTs)
chr11:64778581-64779082,64,broad (>10 CTs)
chr11:128195026-128195527,61,broad (>10 CTs)
chr11:128291775-128292276,38,broad (>10 CTs)
chr11:128302406-128302907,62,broad (>10 CTs)
chr11:128318807-128319308,61,broad (>10 CTs)
chr11:128342791-128343292,41,broad (>10 CTs)
chr11:128624202-128624703,60,broad (>10 CTs)
chr11:128624756-128625257,57,broad (>10 CTs)
chr11:128339657-128340158,25,broad (>10 CTs)
chr11:128465510-128466011,29,broad (>10 CTs)
chr11:128052773-128053274,56,broad (>10 CTs)
chr11:128341226-128341727,44,broad (>10 CTs)
chr11:128324605-128325106,62,broad (>10 CTs)
chr11:128367530-128368031,39,broad (>10 CTs)
chr11:128512538-128513039,37,broad (>10 CTs)
chr11:128305514-128306015,11,broad (>10 CTs)
chr11:128422510-128423011,59,broad (>10 CTs)
chr11:128467076-128467577,1,specific (1-3 CTs)
chr11:128487913-128488414,12,broad (>10 CTs)
chr11:128494334-128494835,25,broad (>10 CTs)
chr11:128515071-128515572,14,broad (>10 CTs)
chr11:128550899-128551400,15,broad (>10 CTs)
chr11:128726696-128727197,56,broad (>10 CTs)
chr11:128730953-128731454,41,broad (>10 CTs)
chr11:128045022-128045523,17,broad (>10 CTs)
chr11:128290438-128290939,59,broad (>10 CTs)
chr11:128470048-128470549,43,broad (>10 CTs)
chr11:128525429-128525930,38,broad (>10 CTs)
chr11:128628586-128629087,27,broad (>10 CTs)
chr11:128693023-128693524,23,broad (>10 CTs)
chr11:128345280-128345781,45,broad (>10 CTs)
chr11:128190249-128190750,24,broad (>10 CTs)
chr11:128271286-128271787,62,broad (>10 CTs)
chr11:128476633-128477134,55,broad (>10 CTs)
chr11:128697744-128698245,2,specific (1-3 CTs)
chr11:128095494-128095995,14,broad (>10 CTs)
chr11:128551642-128552143,50,broad (>10 CTs)
chr11:128658406-128658907,28,broad (>10 CTs)
chr11:128039000-128039501,61,broad (>10 CTs)
chr11:128039595-128040096,63,broad (>10 CTs)
chr11:128238786-128239287,25,broad (>10 CTs)
chr11:128316515-128317016,9,moderate (4-10 CTs)
chr11:128399028-128399529,25,broad (>10 CTs)
chr11:128563805-128564306,20,broad (>10 CTs)
chr11:128568146-128568647,9,moderate (4-10 CTs)
chr11:128754089-128754590,4,moderate (4-10 CTs)
chr2:101921545-101922046,26,broad (>10 CTs)
chr2:102227642-102228143,63,broad (>10 CTs)
chr2:102082690-102083191,60,broad (>10 CTs)
chr2:102367308-102367809,57,broad (>10 CTs)
chr2:102356047-102356548,58,broad (>10 CTs)
chr2:101981501-101982002,49,broad (>10 CTs)
chr2:101986982-101987483,37,broad (>10 CTs)
chr2:102368361-102368862,15,broad (>10 CTs)
chr2:102522825-102523326,21,broad (>10 CTs)
chr2:101252490-101252991,63,broad (>10 CTs)
chr2:102003643-102004144,38,broad (>10 CTs)
chr2:102004566-102005067,11,broad (>10 CTs)
chr2:102262115-102262616,24,broad (>10 CTs)
chr2:102262641-102263142,19,broad (>10 CTs)
chr2:102366635-102367136,46,broad (>10 CTs)
chr2:102417046-102417547,2,specific (1-3 CTs)
chr2:102355494-102355995,61,broad (>10 CTs)
chr2:102010964-102011465,19,broad (>10 CTs)
chr2:102104307-102104808,48,broad (>10 CTs)
chr2:102238292-102238793,14,broad (>10 CTs)
chr2:102436183-102436684,28,broad (>10 CTs)
chr2:102505248-102505749,7,moderate (4-10 CTs)
chr2:102508807-102509308,25,broad (>10 CTs)
chr2:102509684-102510185,23,broad (>10 CTs)
chr2:101973395-101973896,10,moderate (4-10 CTs)
chr2:102006201-102006702,26,broad (>10 CTs)
chr2:102013143-102013644,5,moderate (4-10 CTs)
chr2:102033373-102033874,37,broad (>10 CTs)
chr2:102046612-102047113,8,moderate (4-10 CTs)
chr2:102050760-102051261,8,moderate (4-10 CTs)
chr2:102053003-102053504,10,moderate (4-10 CTs)
chr2:102063425-102063926,13,broad (>10 CTs)
chr2:102080428-102080929,2,specific (1-3 CTs)
chr2:102081570-102082071,7,moderate (4-10 CTs)
chr2:102094889-102095390,12,broad (>10 CTs)
chr2:102114707-102115208,10,moderate (4-10 CTs)
chr2:102116511-102117012,16,broad (>10 CTs)
chr2:102127933-102128434,8,moderate (4-10 CTs)
chr2:102138199-102138700,25,broad (>10 CTs)
chr2:102147939-102148440,18,broad (>10 CTs)
chr2:102269062-102269563,8,moderate (4-10 CTs)
chr2:102279013-102279514,8,moderate (4-10 CTs)
chr2:102310943-102311444,10,moderate (4-10 CTs)
chr2:102418360-102418861,58,broad (>10 CTs)
chr2:102422837-102423338,7,moderate (4-10 CTs)
chr2:102424746-102425247,24,broad (>10 CTs)
chr2:102435682-102436183,10,moderate (4-10 CTs)
chr2:102488122-102488623,12,broad (>10 CTs)
chr2:102510719-102511220,5,moderate (4-10 CTs)
chr2:102519974-102520475,19,broad (>10 CTs)
chr2:102604735-102605236,10,moderate (4-10 CTs)
chr2:101623046-101623547,59,broad (>10 CTs)
chr2:101722738-101723239,19,broad (>10 CTs)
chr2:102273767-102274268,20,broad (>10 CTs)
chr5:132472926-132473427,63,broad (>10 CTs)
chr5:132456436-132456937,62,broad (>10 CTs)
chr5:132457260-132457761,62,broad (>10 CTs)
chr5:132491442-132491943,19,broad (>10 CTs)
chr5:132494659-132495160,1,specific (1-3 CTs)
chr5:132963406-132963907,63,broad (>10 CTs)
chr5:133103152-133103653,9,moderate (4-10 CTs)
chr5:132427271-132427772,47,broad (>10 CTs)
chr5:132425472-132425973,58,broad (>10 CTs)
chr5:133026335-133026836,63,broad (>10 CTs)
chr5:132294020-132294521,60,broad (>10 CTs)
chr5:132385275-132385776,58,broad (>10 CTs)
chr5:132485655-132486156,1,specific (1-3 CTs)
chr5:132293496-132293997,58,broad (>10 CTs)
chr5:132426479-132426980,57,broad (>10 CTs)
chr5:132464910-132465411,3,specific (1-3 CTs)
chr5:132481544-132482045,51,broad (>10 CTs)
chr5:132103602-132104103,62,broad (>10 CTs)
chr5:133968449-133968950,62,broad (>10 CTs)
chr5:132410705-132411206,63,broad (>10 CTs)
chr5:132419588-132420089,58,broad (>10 CTs)
chr5:132458541-132459042,13,broad (>10 CTs)
chr5:132099019-132099520,25,broad (>10 CTs)
chr5:132294521-132295022,40,broad (>10 CTs)
chr5:132369437-132369938,61,broad (>10 CTs)
chr5:132427871-132428372,24,broad (>10 CTs)
chr5:132476810-132477311,1,specific (1-3 CTs)
chr5:132477717-132478218,12,broad (>10 CTs)
chr5:132481011-132481512,36,broad (>10 CTs)
chr5:132687975-132688476,42,broad (>10 CTs)
chr5:132747108-132747609,56,broad (>10 CTs)
chr5:132102152-132102653,39,broad (>10 CTs)
chr5:132737361-132737862,62,broad (>10 CTs)
chr5:132829876-132830377,60,broad (>10 CTs)
chr5:132841302-132841803,10,moderate (4-10 CTs)
chr5:132227637-132228138,43,broad (>10 CTs)
chr5:132258107-132258608,7,moderate (4-10 CTs)
chr5:132354311-132354812,20,broad (>10 CTs)
chr5:132372133-132372634,11,broad (>10 CTs)
chr5:132388039-132388540,11,broad (>10 CTs)
chr5:132420779-132421280,37,broad (>10 CTs)
chr5:132437514-132438015,62,broad (>10 CTs)
chr5:132460085-132460586,15,broad (>10 CTs)
chr5:132487912-132488413,7,moderate (4-10 CTs)
chr5:132496037-132496538,62,broad (>10 CTs)
chr5:132501054-132501555,60,broad (>10 CTs)
chr5:132603999-132604500,9,moderate (4-10 CTs)
chr5:132821659-132822160,3,specific (1-3 CTs)
chr5:132825697-132826198,31,broad (>10 CTs)
chr5:132830448-132830949,51,broad (>10 CTs)
chr5:132837152-132837653,9,moderate (4-10 CTs)
chr5:132837810-132838311,1,specific (1-3 CTs)
chr5:132839951-132840452,5,moderate (4-10 CTs)
chr5:132883207-132883708,45,broad (>10 CTs)
chr5:133108389-133108890,23,broad (>10 CTs)
chr5:133111172-133111673,46,broad (>10 CTs)
chr5:132466708-132467209,62,broad (>10 CTs)
chr5:132387538-132388039,14,broad (>10 CTs)
chr20:63635750-63636251,60,broad (>10 CTs)
chr20:64077710-64078211,52,broad (>10 CTs)
chr20:63179145-63179646,55,broad (>10 CTs)
chr20:63520445-63520946,62,broad (>10 CTs)
chr20:63631394-63631895,3,specific (1-3 CTs)
chr20:63635224-63635725,61,broad (>10 CTs)
chr20:63641075-63641576,50,broad (>10 CTs)
chr20:63803775-63804276,32,broad (>10 CTs)
chr20:63850909-63851410,54,broad (>10 CTs)
chr20:63864917-63865418,63,broad (>10 CTs)
chr20:63941631-63942132,61,broad (>10 CTs)
chr20:63781940-63782441,52,broad (>10 CTs)
chr20:63520946-63521447,57,broad (>10 CTs)
chr20:63641916-63642417,64,broad (>10 CTs)
chr20:63567305-63567806,61,broad (>10 CTs)
chr20:63864039-63864540,62,broad (>10 CTs)
chr20:64120349-64120850,61,broad (>10 CTs)
chr20:63588056-63588557,27,broad (>10 CTs)
chr20:63636311-63636812,1,specific (1-3 CTs)
chr20:63653601-63654102,30,broad (>10 CTs)
chr20:63737062-63737563,46,broad (>10 CTs)
chr20:64100176-64100677,46,broad (>10 CTs)
chr20:63519666-63520167,59,broad (>10 CTs)
chr20:63567835-63568336,60,broad (>10 CTs)
chr20:64083436-64083937,54,broad (>10 CTs)
chr20:63498913-63499414,60,broad (>10 CTs)
chr20:63639124-63639625,51,broad (>10 CTs)
chr20:63738729-63739230,5,moderate (4-10 CTs)
chr20:63948983-63949484,61,broad (>10 CTs)
chr20:64080147-64080648,52,broad (>10 CTs)
chr20:63580730-63581231,59,broad (>10 CTs)
chr20:63977721-63978222,16,broad (>10 CTs)
chr20:64062791-64063292,62,broad (>10 CTs)
chr20:63272518-63273019,61,broad (>10 CTs)
chr20:63613151-63613652,17,broad (>10 CTs)
chr20:63860523-63861024,11,broad (>10 CTs)
chr20:63339216-63339717,8,moderate (4-10 CTs)
chr20:63497940-63498441,6,moderate (4-10 CTs)
chr20:63553223-63553724,62,broad (>10 CTs)
chr20:63606608-63607109,8,moderate (4-10 CTs)
chr20:63614162-63614663,29,broad (>10 CTs)
chr20:63802739-63803240,3,specific (1-3 CTs)
chr20:63816166-63816667,16,broad (>10 CTs)
chr20:63846026-63846527,14,broad (>10 CTs)
chr20:63873385-63873886,50,broad (>10 CTs)
chr20:63909576-63910077,56,broad (>10 CTs)
chr20:63912908-63913409,10,moderate (4-10 CTs)
chr20:63942203-63942704,21,broad (>10 CTs)
chr20:62302573-62303074,63,broad (>10 CTs)
chr20:63686747-63687248,47,broad (>10 CTs)
chr20:63865679-63866180,7,moderate (4-10 CTs)
chr20:63795120-63795621,11,broad (>10 CTs)
chr17:48892322-48892823,64,broad (>10 CTs)
chr17:48908090-48908591,62,broad (>10 CTs)
chr17:49764094-49764595,65,broad (>10 CTs)
chr17:49218776-49219277,55,broad (>10 CTs)
chr17:49219394-49219895,47,broad (>10 CTs)
chr17:49696108-49696609,61,broad (>10 CTs)
chr17:50161402-50161903,63,broad (>10 CTs)
chr17:49748747-49749248,59,broad (>10 CTs)
chr17:49388161-49388662,52,broad (>10 CTs)
chr17:49817943-49818444,45,broad (>10 CTs)
chr17:49788298-49788799,62,broad (>10 CTs)
chr17:48944611-48945112,62,broad (>10 CTs)
chr17:49338830-49339331,22,broad (>10 CTs)
chr17:49387570-49388071,34,broad (>10 CTs)
chr17:49389865-49390366,28,broad (>10 CTs)
chr17:49569946-49570447,61,broad (>10 CTs)
chr17:49260556-49261057,59,broad (>10 CTs)
chr17:49390434-49390935,52,broad (>10 CTs)
chr17:49403491-49403992,20,broad (>10 CTs)
chr17:49358558-49359059,3,specific (1-3 CTs)
chr17:49404242-49404743,37,broad (>10 CTs)
chr17:48816908-48817409,62,broad (>10 CTs)
chr17:48908868-48909369,52,broad (>10 CTs)
chr17:49209685-49210186,29,broad (>10 CTs)
chr17:49252033-49252534,11,broad (>10 CTs)
chr17:49328381-49328882,23,broad (>10 CTs)
chr17:48878873-48879374,58,broad (>10 CTs)
chr17:49216916-49217417,20,broad (>10 CTs)
chr17:49218003-49218504,63,broad (>10 CTs)
chr17:49438967-49439468,12,broad (>10 CTs)
chr17:49521915-49522416,8,moderate (4-10 CTs)
chr17:49361144-49361645,60,broad (>10 CTs)
chr17:48915766-48916267,57,broad (>10 CTs)
chr19:8195129-8195630,52,broad (>10 CTs)
chr19:8269015-8269516,62,broad (>10 CTs)
chr19:8307842-8308343,63,broad (>10 CTs)
chr19:8308373-8308874,62,broad (>10 CTs)
chr19:8663839-8664340,48,broad (>10 CTs)
chr19:8832514-8833015,64,broad (>10 CTs)
chr19:8573150-8573651,16,broad (>10 CTs)
chr19:8517434-8517935,40,broad (>10 CTs)
chr19:8515281-8515782,42,broad (>10 CTs)
chr19:8580720-8581221,58,broad (>10 CTs)
chr19:8396563-8397064,61,broad (>10 CTs)
chr19:8486953-8487454,58,broad (>10 CTs)
chr19:8487489-8487990,61,broad (>10 CTs)
chr19:8505814-8506315,57,broad (>10 CTs)
chr19:8569077-8569578,62,broad (>10 CTs)
chr19:8592128-8592629,63,broad (>10 CTs)
chr19:8575547-8576048,38,broad (>10 CTs)
chr19:8610478-8610979,60,broad (>10 CTs)
chr19:8612760-8613261,25,broad (>10 CTs)
chr19:8702321-8702822,43,broad (>10 CTs)
chr19:8609522-8610023,48,broad (>10 CTs)
chr19:8671034-8671535,41,broad (>10 CTs)
chr19:8193929-8194430,60,broad (>10 CTs)
chr19:8694225-8694726,57,broad (>10 CTs)
chr19:9323494-9323995,62,broad (>10 CTs)
chr19:7751118-7751619,47,broad (>10 CTs)
chr19:8353792-8354293,57,broad (>10 CTs)
chr19:8650039-8650540,19,broad (>10 CTs)
chr19:9136420-9136921,59,broad (>10 CTs)
chr19:8214592-8215093,7,moderate (4-10 CTs)
chr19:8423329-8423830,12,broad (>10 CTs)
chr19:8423834-8424335,12,broad (>10 CTs)
chr19:8473595-8474096,22,broad (>10 CTs)
chr19:8500080-8500581,12,broad (>10 CTs)
chr19:8503463-8503964,10,moderate (4-10 CTs)
chr19:8504079-8504580,17,broad (>10 CTs)
chr19:8504580-8505081,9,moderate (4-10 CTs)
chr19:8517968-8518469,2,specific (1-3 CTs)
chr19:8526129-8526630,36,broad (>10 CTs)
chr19:8564477-8564978,6,moderate (4-10 CTs)
chr19:8639664-8640165,11,broad (>10 CTs)
chr19:8640236-8640737,39,broad (>10 CTs)
chr19:8646382-8646883,14,broad (>10 CTs)
chr19:8647422-8647923,2,specific (1-3 CTs)
chr19:8681589-8682090,9,moderate (4-10 CTs)
chr19:9059138-9059639,8,moderate (4-10 CTs)
chr19:9818472-9818973,36,broad (>10 CTs)
chr19:7799803-7800304,46,broad (>10 CTs)
chr19:8481193-8481694,9,moderate (4-10 CTs)
chr16:10868527-10869028,52,broad (>10 CTs)
chr16:10613728-10614229,23,broad (>10 CTs)
chr16:10753047-10753548,39,broad (>10 CTs)
chr16:10765741-10766242,51,broad (>10 CTs)
chr16:10870046-10870547,25,broad (>10 CTs)
chr16:10870998-10871499,47,broad (>10 CTs)
chr16:10888530-10889031,3,specific (1-3 CTs)
chr16:10912580-10913081,13,broad (>10 CTs)
chr16:10915744-10916245,16,broad (>10 CTs)
chr16:10949317-10949818,48,broad (>10 CTs)
chr16:11077911-11078412,17,broad (>10 CTs)
chr16:11224659-11225160,56,broad (>10 CTs)
chr16:11225315-11225816,62,broad (>10 CTs)
chr16:11251956-11252457,47,broad (>10 CTs)
chr16:11309791-11310292,10,moderate (4-10 CTs)
chr16:11327342-11327843,31,broad (>10 CTs)
chr16:11345142-11345643,61,broad (>10 CTs)
chr16:11370531-11371032,42,broad (>10 CTs)
chr16:11584060-11584561,41,broad (>10 CTs)
chr16:11584572-11585073,32,broad (>10 CTs)
chr16:10876861-10877362,63,broad (>10 CTs)
chr16:11572183-11572684,53,broad (>10 CTs)
chr16:10964747-10965248,39,broad (>10 CTs)
chr16:11556889-11557390,18,broad (>10 CTs)
chr16:11233003-11233504,62,broad (>10 CTs)
chr16:11094724-11095225,37,broad (>10 CTs)
chr16:11311093-11311594,60,broad (>10 CTs)
chr16:10944224-10944725,62,broad (>10 CTs)
chr16:10876264-10876765,56,broad (>10 CTs)
chr16:11253521-11254022,12,broad (>10 CTs)
chr16:11297550-11298051,62,broad (>10 CTs)
chr16:11361912-11362413,55,broad (>10 CTs)
chr16:11562852-11563353,10,moderate (4-10 CTs)
chr16:11616315-11616816,3,specific (1-3 CTs)
chr16:11052340-11052841,53,broad (>10 CTs)
chr16:11255473-11255974,54,broad (>10 CTs)
chr16:11576876-11577377,27,broad (>10 CTs)
chr16:10891658-10892159,33,broad (>10 CTs)
chr16:10619372-10619873,27,broad (>10 CTs)
chr16:10918658-10919159,55,broad (>10 CTs)
chr16:11208838-11209339,21,broad (>10 CTs)
chr16:11349604-11350105,14,broad (>10 CTs)
chr16:11497364-11497865,24,broad (>10 CTs)
chr16:11597732-11598233,8,moderate (4-10 CTs)
chr16:10625904-10626405,1,specific (1-3 CTs)
chr16:10628894-10629395,23,broad (>10 CTs)
chr16:10638068-10638569,9,moderate (4-10 CTs)
chr16:10738198-10738699,10,moderate (4-10 CTs)
chr16:10770856-10771357,49,broad (>10 CTs)
chr16:10821191-10821692,17,broad (>10 CTs)
chr16:10828923-10829424,22,broad (>10 CTs)
chr16:10852206-10852707,8,moderate (4-10 CTs)
chr16:10871525-10872026,29,broad (>10 CTs)
chr16:10896688-10897189,23,broad (>10 CTs)
chr16:10938234-10938735,8,moderate (4-10 CTs)
chr16:11205927-11206428,10,moderate (4-10 CTs)
chr16:11212376-11212877,7,moderate (4-10 CTs)
chr16:11224070-11224571,58,broad (>10 CTs)
chr16:11234932-11235433,12,broad (>10 CTs)
chr16:11235510-11236011,1,specific (1-3 CTs)
chr16:11236862-11237363,10,moderate (4-10 CTs)
chr16:11311623-11312124,60,broad (>10 CTs)
chr16:11325615-11326116,20,broad (>10 CTs)
chr16:11379384-11379885,50,broad (>10 CTs)
chr16:11386888-11387389,17,broad (>10 CTs)
chr16:11389517-11390018,7,moderate (4-10 CTs)
chr16:11428257-11428758,9,moderate (4-10 CTs)
chr16:11458329-11458830,15,broad (>10 CTs)
chr16:11495291-11495792,27,broad (>10 CTs)
chr16:11497885-11498386,4,moderate (4-10 CTs)
chr16:11506764-11507265,22,broad (>10 CTs)
chr16:11539732-11540233,8,moderate (4-10 CTs)
chr16:11550854-11551355,8,moderate (4-10 CTs)
chr16:11551808-11552309,8,moderate (4-10 CTs)
chr16:11585956-11586457,34,broad (>10 CTs)
chr16:11597157-11597658,37,broad (>10 CTs)
chr16:11181823-11182324,22,broad (>10 CTs)
chr16:11532087-11532588,59,broad (>10 CTs)
chr16:11743516-11744017,23,broad (>10 CTs)
chr16:11668104-11668605,63,broad (>10 CTs)
chr16:11410292-11410793,14,broad (>10 CTs)
chr16:11076027-11076528,35,broad (>10 CTs)
chr16:11087835-11088336,30,broad (>10 CTs)
chr16:11298814-11299315,5,moderate (4-10 CTs)
chr16:11403372-11403873,5,moderate (4-10 CTs)
chr12:67758078-67758579,14,broad (>10 CTs)
chr12:68042279-68042780,37,broad (>10 CTs)
chr12:68332226-68332727,63,broad (>10 CTs)
chr12:68591695-68592196,49,broad (>10 CTs)
chr12:67630680-67631181,62,broad (>10 CTs)
chr12:68932984-68933485,62,broad (>10 CTs)
chr12:68223054-68223555,61,broad (>10 CTs)
chr12:68367789-68368290,54,broad (>10 CTs)
chr12:67804091-67804592,33,broad (>10 CTs)
chr12:68451327-68451828,58,broad (>10 CTs)
chr12:68792898-68793399,54,broad (>10 CTs)
chr12:68365061-68365562,63,broad (>10 CTs)
chr12:68530259-68530760,13,broad (>10 CTs)
chr12:68587321-68587822,49,broad (>10 CTs)
chr12:68482664-68483165,44,broad (>10 CTs)
chr12:68807754-68808255,63,broad (>10 CTs)
chr12:68036591-68037092,21,broad (>10 CTs)
chr12:68417575-68418076,18,broad (>10 CTs)
chr12:68420142-68420643,11,broad (>10 CTs)
chr12:68422100-68422601,10,moderate (4-10 CTs)
chr12:68442524-68443025,18,broad (>10 CTs)
chr12:68453212-68453713,7,moderate (4-10 CTs)
chr12:69470742-69471243,51,broad (>10 CTs)
chr12:68559973-68560474,15,broad (>10 CTs)
chr12:68240937-68241438,56,broad (>10 CTs)
chr12:68326660-68327161,10,moderate (4-10 CTs)
chr12:68359119-68359620,61,broad (>10 CTs)
chr12:68368337-68368838,10,moderate (4-10 CTs)
chr12:68379159-68379660,12,broad (>10 CTs)
chr12:68384048-68384549,42,broad (>10 CTs)
chr12:68455359-68455860,9,moderate (4-10 CTs)
chr12:68455878-68456379,34,broad (>10 CTs)
chr12:68559177-68559678,6,moderate (4-10 CTs)
chr12:68686678-68687179,62,broad (>10 CTs)
chr12:68487849-68488350,12,broad (>10 CTs)
chr12:54560285-54560786,62,broad (>10 CTs)
chr12:54984542-54985043,62,broad (>10 CTs)
chr12:55829397-55829898,63,broad (>10 CTs)
chr12:54550062-54550563,36,broad (>10 CTs)
chr12:54967388-54967889,12,broad (>10 CTs)
chr12:54968332-54968833,22,broad (>10 CTs)
chr12:54991895-54992396,19,broad (>10 CTs)
chr12:54993103-54993604,61,broad (>10 CTs)
chr12:55929311-55929812,50,broad (>10 CTs)
chr12:54399232-54399733,61,broad (>10 CTs)
chr12:54561190-54561691,4,moderate (4-10 CTs)
chr12:55043474-55043975,14,broad (>10 CTs)
chr12:54216162-54216663,34,broad (>10 CTs)
chr12:54475459-54475960,8,moderate (4-10 CTs)
chr12:54502462-54502963,2,specific (1-3 CTs)
chr12:54708780-54709281,14,broad (>10 CTs)
chr12:54846977-54847478,9,moderate (4-10 CTs)
chr12:54857313-54857814,9,moderate (4-10 CTs)
chr12:54858515-54859016,8,moderate (4-10 CTs)
chr12:55037961-55038462,9,moderate (4-10 CTs)
chr8:80103104-80103605,61,broad (>10 CTs)
chr8:80171336-80171837,60,broad (>10 CTs)
chr8:80377415-80377916,55,broad (>10 CTs)
chr8:80485246-80485747,65,broad (>10 CTs)
chr8:80121974-80122475,56,broad (>10 CTs)
chr8:80138530-80139031,46,broad (>10 CTs)
chr8:80347788-80348289,57,broad (>10 CTs)
chr8:80085023-80085524,62,broad (>10 CTs)
chr8:80140533-80141034,34,broad (>10 CTs)
chr8:80485997-80486498,53,broad (>10 CTs)
chr8:80486507-80487008,28,broad (>10 CTs)
chr8:80542958-80543459,33,broad (>10 CTs)
chr8:81074559-81075060,44,broad (>10 CTs)
chr8:81093778-81094279,60,broad (>10 CTs)
chr8:79991626-79992127,49,broad (>10 CTs)
chr8:80125673-80126174,9,moderate (4-10 CTs)
chr8:80139907-80140408,8,moderate (4-10 CTs)
chr8:80146754-80147255,20,broad (>10 CTs)
chr8:80418605-80419106,8,moderate (4-10 CTs)
chr8:79765133-79765634,60,broad (>10 CTs)
chr8:125601962-125602463,33,broad (>10 CTs)
chr8:125604625-125605126,10,moderate (4-10 CTs)
chr8:125607901-125608402,54,broad (>10 CTs)
chr8:125514701-125515202,41,broad (>10 CTs)
chr8:125528741-125529242,59,broad (>10 CTs)
chr8:125971861-125972362,61,broad (>10 CTs)
chr8:125527584-125528085,46,broad (>10 CTs)
chr8:125729850-125730351,39,broad (>10 CTs)
chr8:125508174-125508675,31,broad (>10 CTs)
chr8:126275233-126275734,32,broad (>10 CTs)
chr8:125434547-125435048,55,broad (>10 CTs)
chr8:124726893-124727394,39,broad (>10 CTs)
chr8:125924380-125924881,34,broad (>10 CTs)
chr8:124611129-124611630,6,moderate (4-10 CTs)
chr8:125505432-125505933,23,broad (>10 CTs)
chr8:125163289-125163790,23,broad (>10 CTs)
chr8:125174571-125175072,13,broad (>10 CTs)
chr8:125268537-125269038,9,moderate (4-10 CTs)
chr8:125309615-125310116,12,broad (>10 CTs)
chr8:125311303-125311804,8,moderate (4-10 CTs)
chr8:125343917-125344418,18,broad (>10 CTs)
chr8:125373853-125374354,10,moderate (4-10 CTs)
chr8:125386359-125386860,13,broad (>10 CTs)
chr8:125467029-125467530,7,moderate (4-10 CTs)
chr8:125479723-125480224,7,moderate (4-10 CTs)
chr8:125480639-125481140,9,moderate (4-10 CTs)
chr8:125575060-125575561,1,specific (1-3 CTs)
chr8:125576119-125576620,12,broad (>10 CTs)
chr8:125593972-125594473,10,moderate (4-10 CTs)
chr8:125596053-125596554,11,broad (>10 CTs)
chr8:125602494-125602995,18,broad (>10 CTs)
chr8:125610900-125611401,10,moderate (4-10 CTs)
chr8:125611639-125612140,7,moderate (4-10 CTs)
chr8:125612771-125613272,10,moderate (4-10 CTs)
chr8:125620264-125620765,10,moderate (4-10 CTs)
chr8:125621609-125622110,9,moderate (4-10 CTs)
chr8:125637358-125637859,22,broad (>10 CTs)
chr8:125430036-125430537,62,broad (>10 CTs)
chr4:121950150-121950651,57,broad (>10 CTs)
chr4:121800581-121801082,60,broad (>10 CTs)
chr4:121870306-121870807,63,broad (>10 CTs)
chr4:121706565-121707066,55,broad (>10 CTs)
chr4:121938626-121939127,21,broad (>10 CTs)
chr4:121950911-121951412,44,broad (>10 CTs)
chr4:121951526-121952027,45,broad (>10 CTs)
chr4:122003238-122003739,55,broad (>10 CTs)
chr4:122221288-122221789,36,broad (>10 CTs)
chr4:121776755-121777256,9,moderate (4-10 CTs)
chr4:121696812-121697313,61,broad (>10 CTs)
chr4:121801103-121801604,62,broad (>10 CTs)
chr4:121696051-121696552,49,broad (>10 CTs)
chr4:121690689-121691190,22,broad (>10 CTs)
chr4:121992200-121992701,6,moderate (4-10 CTs)
chr4:122212838-122213339,12,broad (>10 CTs)
chr4:122577758-122578259,39,broad (>10 CTs)
chr4:122583936-122584437,8,moderate (4-10 CTs)
chr4:122584628-122585129,12,broad (>10 CTs)
chr4:122588759-122589260,12,broad (>10 CTs)
chr14:35121746-35122247,63,broad (>10 CTs)
chr14:34714706-34715207,61,broad (>10 CTs)
chr14:34873498-34873999,62,broad (>10 CTs)
chr14:34982993-34983494,62,broad (>10 CTs)
chr14:34982407-34982908,62,broad (>10 CTs)
chr14:35203896-35204397,40,broad (>10 CTs)
chr14:35416797-35417298,58,broad (>10 CTs)
chr14:34872808-34873309,20,broad (>10 CTs)
chr14:34874221-34874722,61,broad (>10 CTs)
chr14:35416034-35416535,53,broad (>10 CTs)
chr14:35045498-35045999,63,broad (>10 CTs)
chr14:35200997-35201498,21,broad (>10 CTs)
chr14:35341518-35342019,50,broad (>10 CTs)
chr14:34856684-34857185,35,broad (>10 CTs)
chr14:35046009-35046510,63,broad (>10 CTs)
chr14:35196965-35197466,30,broad (>10 CTs)
chr14:35390965-35391466,43,broad (>10 CTs)
chr14:34931117-34931618,61,broad (>10 CTs)
chr14:34981811-34982312,54,broad (>10 CTs)
chr14:35122374-35122875,62,broad (>10 CTs)
chr14:34857642-34858143,56,broad (>10 CTs)
chr14:35333764-35334265,40,broad (>10 CTs)
chr14:35334418-35334919,9,moderate (4-10 CTs)
chr14:35367644-35368145,34,broad (>10 CTs)
chr14:34930398-34930899,52,broad (>10 CTs)
chr14:35375504-35376005,14,broad (>10 CTs)
chr14:34781180-34781681,16,broad (>10 CTs)
chr14:34817296-34817797,9,moderate (4-10 CTs)
chr14:34842924-34843425,27,broad (>10 CTs)
chr14:34861500-34862001,5,moderate (4-10 CTs)
chr14:35155964-35156465,36,broad (>10 CTs)
chr14:35202245-35202746,10,moderate (4-10 CTs)
chr14:35234342-35234843,9,moderate (4-10 CTs)
chr14:35332098-35332599,26,broad (>10 CTs)
chr14:35332916-35333417,40,broad (>10 CTs)
chr14:35336613-35337114,17,broad (>10 CTs)
chr14:35339716-35340217,24,broad (>10 CTs)
chr14:35344357-35344858,8,moderate (4-10 CTs)
chr14:35345296-35345797,2,specific (1-3 CTs)
chr14:35395203-35395704,11,broad (>10 CTs)
chr14:35399041-35399542,7,moderate (4-10 CTs)
chr14:35365443-35365944,29,broad (>10 CTs)
chr14:35033966-35034467,2,specific (1-3 CTs)
chr18:62716702-62717203,12,broad (>10 CTs)
chr18:63422286-63422787,63,broad (>10 CTs)
chr18:63936050-63936551,60,broad (>10 CTs)
chr18:63199868-63200369,60,broad (>10 CTs)
chr18:63936559-63937060,56,broad (>10 CTs)
chr18:63584749-63585250,13,broad (>10 CTs)
chr18:63831040-63831541,21,broad (>10 CTs)
chr18:63440830-63441331,14,broad (>10 CTs)
chr18:63444508-63445009,39,broad (>10 CTs)
chr18:63518394-63518895,48,broad (>10 CTs)
chr18:63553069-63553570,13,broad (>10 CTs)
chr18:63575633-63576134,8,moderate (4-10 CTs)
chr18:63578327-63578828,8,moderate (4-10 CTs)
chr18:63579555-63580056,9,moderate (4-10 CTs)
chr18:63590253-63590754,9,moderate (4-10 CTs)
chr18:63603732-63604233,9,moderate (4-10 CTs)
chr18:63677516-63678017,4,moderate (4-10 CTs)
chr18:63788391-63788892,25,broad (>10 CTs)
chr18:63834501-63835002,6,moderate (4-10 CTs)
chr18:63859693-63860194,9,moderate (4-10 CTs)
chr18:63860554-63861055,6,moderate (4-10 CTs)
chr18:63869367-63869868,10,moderate (4-10 CTs)
chr18:63887361-63887862,10,moderate (4-10 CTs)
chr18:63894066-63894567,1,specific (1-3 CTs)
chr18:63895214-63895715,4,moderate (4-10 CTs)
chr18:63908837-63909338,7,moderate (4-10 CTs)
chr18:63909813-63910314,6,moderate (4-10 CTs)
chr18:63917788-63918289,8,moderate (4-10 CTs)
chr18:63928302-63928803,11,broad (>10 CTs)
chr18:63929275-63929776,10,moderate (4-10 CTs)
chr18:63930721-63931222,8,moderate (4-10 CTs)
chr18:29087773-29088274,11,broad (>10 CTs)
chr18:29060302-29060803,7,moderate (4-10 CTs)
chr18:29096336-29096837,17,broad (>10 CTs)
chr18:29099023-29099524,6,moderate (4-10 CTs)
chr18:29147781-29148282,8,moderate (4-10 CTs)
chr18:29152943-29153444,9,moderate (4-10 CTs)
chr18:29715799-29716300,6,moderate (4-10 CTs)
chr22:36379466-36379967,40,broad (>10 CTs)
chr22:36435779-36436280,61,broad (>10 CTs)
chr22:36454976-36455477,61,broad (>10 CTs)
chr22:37122134-37122635,63,broad (>10 CTs)
chr22:37218866-37219367,60,broad (>10 CTs)
chr22:37222625-37223126,44,broad (>10 CTs)
chr22:37282201-37282702,61,broad (>10 CTs)
chr22:37284872-37285373,61,broad (>10 CTs)
chr22:37314523-37315024,50,broad (>10 CTs)
chr22:37229233-37229734,30,broad (>10 CTs)
chr22:37219395-37219896,30,broad (>10 CTs)
chr22:37241416-37241917,16,broad (>10 CTs)
chr22:35660236-35660737,60,broad (>10 CTs)
chr22:36887117-36887618,26,broad (>10 CTs)
chr22:36977274-36977775,61,broad (>10 CTs)
chr22:37231347-37231848,21,broad (>10 CTs)
chr22:37079555-37080056,63,broad (>10 CTs)
chr22:37193815-37194316,31,broad (>10 CTs)
chr22:36383177-36383678,22,broad (>10 CTs)
chr22:37237824-37238325,3,specific (1-3 CTs)
chr22:37283338-37283839,21,broad (>10 CTs)
chr22:37844168-37844669,64,broad (>10 CTs)
chr22:36357760-36358261,28,broad (>10 CTs)
chr22:37186413-37186914,61,broad (>10 CTs)
chr22:37166481-37166982,42,broad (>10 CTs)
chr22:37244631-37245132,41,broad (>10 CTs)
chr22:38316747-38317248,59,broad (>10 CTs)
chr22:36386986-36387487,11,broad (>10 CTs)
chr22:36506837-36507338,62,broad (>10 CTs)
chr22:36481366-36481867,62,broad (>10 CTs)
chr22:36529077-36529578,63,broad (>10 CTs)
chr22:37123618-37124119,1,specific (1-3 CTs)
chr22:37133490-37133991,20,broad (>10 CTs)
chr22:37139065-37139566,8,moderate (4-10 CTs)
chr22:37144507-37145008,2,specific (1-3 CTs)
chr22:37176397-37176898,45,broad (>10 CTs)
chr22:37242369-37242870,63,broad (>10 CTs)
chr22:36384999-36385500,24,broad (>10 CTs)
chr22:36371164-36371665,50,broad (>10 CTs)
chr22:36481867-36482368,63,broad (>10 CTs)
chr22:36546146-36546647,38,broad (>10 CTs)
chr22:36873637-36874138,52,broad (>10 CTs)
chr22:37274508-37275009,26,broad (>10 CTs)
chr22:37281586-37282087,11,broad (>10 CTs)
chr22:37416782-37417283,56,broad (>10 CTs)
chr22:38062809-38063310,19,broad (>10 CTs)
chr22:36445357-36445858,15,broad (>10 CTs)
chr22:36449789-36450290,1,specific (1-3 CTs)
chr22:36519871-36520372,12,broad (>10 CTs)
chr22:36659917-36660418,10,moderate (4-10 CTs)
chr22:36860726-36861227,57,broad (>10 CTs)
chr22:36921394-36921895,28,broad (>10 CTs)
chr22:36967097-36967598,10,moderate (4-10 CTs)
chr22:37199269-37199770,64,broad (>10 CTs)
chr22:37223900-37224401,26,broad (>10 CTs)
chr22:37267924-37268425,16,broad (>10 CTs)
chr22:37284342-37284843,56,broad (>10 CTs)
chr22:37303722-37304223,15,broad (>10 CTs)
chr22:37321211-37321712,5,moderate (4-10 CTs)
chr22:37330397-37330898,45,broad (>10 CTs)
chr22:37332042-37332543,14,broad (>10 CTs)
chr22:37686078-37686579,62,broad (>10 CTs)
chr22:36330899-36331400,37,broad (>10 CTs)
chr22:37640254-37640755,23,broad (>10 CTs)
chr22:37271200-37271701,15,broad (>10 CTs)
chr22:37541848-37542349,13,broad (>10 CTs)
chr22:36901653-36902154,23,broad (>10 CTs)
chr22:37300470-37300971,59,broad (>10 CTs)
chr3:143970755-143971256,46,broad (>10 CTs)
chr3:143971501-143972002,62,broad (>10 CTs)
chr3:143956798-143957299,16,broad (>10 CTs)
chr3:144109899-144110400,38,broad (>10 CTs)
chr3:143977852-143978353,13,broad (>10 CTs)
chr3:143921133-143921634,22,broad (>10 CTs)
chr3:143963901-143964402,8,moderate (4-10 CTs)
chr3:143973028-143973529,55,broad (>10 CTs)
chr3:143977339-143977840,16,broad (>10 CTs)
chr3:144003063-144003564,1,specific (1-3 CTs)
chr3:144020984-144021485,13,broad (>10 CTs)
chr3:144085887-144086388,8,moderate (4-10 CTs)
chr3:144324060-144324561,8,moderate (4-10 CTs)
chr3:144593817-144594318,8,moderate (4-10 CTs)
chr3:144634546-144635047,4,moderate (4-10 CTs)
chr3:144660055-144660556,12,broad (>10 CTs)
